{
	"elements": [
		{
			"from": [4, 0, 4],
			"to": [12, 12, 12],
			"faces": {
				"north": {"uv": [2, 0, 4, 3], "texture": "#0"},
				"east": {"uv": [0, 0, 2, 3], "texture": "#0"},
				"south": {"uv": [2, 3, 4, 6], "texture": "#0"},
				"west": {"uv": [0, 3, 2, 6], "texture": "#0"},
				"down": {"uv": [8, 2, 10, 4], "rotation": 180, "texture": "#0"}
			}
		},
		{
			"from": [4, 16, 4],
			"to": [12, 16, 12],
			"faces": {
				"up": {"uv": [16, 16, 0, 0], "rotation": 90, "texture": "#1"}
			}
		},
		{
			"from": [3.87, -0.12, 3.87],
			"to": [12.37, 12.38, 12.37],
			"faces": {
				"north": {"uv": [6, 0, 8, 3], "texture": "#0"},
				"east": {"uv": [4, 0, 6, 3], "texture": "#0"},
				"south": {"uv": [6, 3, 8, 6], "texture": "#0"},
				"west": {"uv": [4, 3, 6, 6], "texture": "#0"},
				"up": {"uv": [10, 2, 8, 0], "texture": "#0"},
				"down": {"uv": [10, 0, 12, 2], "rotation": 180, "texture": "#0"}
			}
		},
		{
			"from": [8.1, 6, 3.9],
			"to": [12.1, 8, 12.3],
			"faces": {
				"north": {"uv": [15.5, 15.5, 16, 16], "texture": "#0"},
				"east": {"uv": [13.5, 15.5, 15.5, 16], "texture": "#0"},
				"south": {"uv": [13.5, 15.5, 14, 16], "texture": "#0"}
			}
		}
	],
	"gui_light": "front",
	"display": {
		"thirdperson_righthand": {
			"rotation": [90, 0, 0],
			"translation": [0, -2, 4],
			"scale": [0.6, 0.6, 0.6]
		},
		"thirdperson_lefthand": {
			"rotation": [90, 0, 0],
			"translation": [0, -2, 4],
			"scale": [0.6, 0.6, 0.6]
		},
		"firstperson_righthand": {
			"rotation": [90, 60, 40],
			"translation": [-1.5, 1.5, 1.0],
			"scale": [0.4, 0.4, 0.4]
		},
		"firstperson_lefthand": {
			"rotation": [128, 75, 19],
			"translation": [-0.75, 1.5, 0.25],
			"scale": [0.6, 0.6, 0.6]
		},
		"ground": {
			"rotation": [180, 0, 0],
			"translation": [0, 0.5, 0],
			"scale": [0.6, 0.6, 0.6]
		},
		"gui": {
			"rotation": [0, -90, -90],
			"translation": [0.01, 0, 0],
			"scale": [2, 2, 2]
		},
		"head": {
			"rotation": [0, 0, 180],
			"translation": [0, -13, 0],
			"scale": [1.75, 1.75, 1.75]
		},
		"fixed": {
			"translation": [0, 1, 0]
		}
	}
}