{
	"elements": [
		{
			"from": [-16, 20.025, -16],
			"to": [32, 21.525, 32],
			"rotation": {"angle": 0, "axis": "y", "origin": [-4, -15.975, -4]},
			"faces": {
				"north": {"uv": [16, 3.5, 0, 4], "texture": "#hand"},
				"south": {"uv": [0, 3.5, 16, 4], "texture": "#hand"},
				"up": {"uv": [0, 3.5, 16, 4], "texture": "#hand"}
			}
		},
		{
			"from": [-16, -15.975, -16],
			"to": [32, -14.475, 32],
			"rotation": {"angle": 0, "axis": "y", "origin": [-4, -15.975, -4]},
			"faces": {
				"north": {"uv": [16, 15.5, 0, 16], "texture": "#hand"},
				"south": {"uv": [0, 15.5, 16, 16], "texture": "#hand"},
				"up": {"uv": [0, 15.5, 16, 16], "texture": "#hand"}
			}
		},
		{
			"from": [-16, -14.475, -16],
			"to": [32, -12.975, 32],
			"rotation": {"angle": 0, "axis": "y", "origin": [-4, -15.975, -4]},
			"faces": {
				"north": {"uv": [16, 15, 0, 15.5], "texture": "#hand"},
				"south": {"uv": [0, 15, 16, 15.5], "texture": "#hand"},
				"up": {"uv": [0, 15, 16, 15.5], "texture": "#hand"}
			}
		},
		{
			"from": [-16, -12.975, -16],
			"to": [32, -11.475, 32],
			"rotation": {"angle": 0, "axis": "y", "origin": [-4, -15.975, -4]},
			"faces": {
				"north": {"uv": [16, 14.5, 0, 15], "texture": "#hand"},
				"south": {"uv": [0, 14.5, 16, 15], "texture": "#hand"},
				"up": {"uv": [0, 14.5, 16, 15], "texture": "#hand"}
			}
		},
		{
			"from": [-16, -11.475, -16],
			"to": [32, -9.975, 32],
			"rotation": {"angle": 0, "axis": "y", "origin": [-4, -15.975, -4]},
			"faces": {
				"north": {"uv": [16, 14, 0, 14.5], "texture": "#hand"},
				"south": {"uv": [0, 14, 16, 14.5], "texture": "#hand"},
				"up": {"uv": [0, 14, 16, 14.5], "texture": "#hand"}
			}
		},
		{
			"from": [-16, -9.975, -16],
			"to": [32, -8.475, 32],
			"rotation": {"angle": 0, "axis": "y", "origin": [-4, -15.975, -4]},
			"faces": {
				"north": {"uv": [16, 13.5, 0, 14], "texture": "#hand"},
				"south": {"uv": [0, 13.5, 16, 14], "texture": "#hand"},
				"up": {"uv": [0, 13.5, 16, 14], "texture": "#hand"}
			}
		},
		{
			"from": [-16, -8.475, -16],
			"to": [32, -6.975, 32],
			"rotation": {"angle": 0, "axis": "y", "origin": [-4, -15.975, -4]},
			"faces": {
				"north": {"uv": [16, 13, 0, 13.5], "texture": "#hand"},
				"south": {"uv": [0, 13, 16, 13.5], "texture": "#hand"},
				"up": {"uv": [0, 13, 16, 13.5], "texture": "#hand"}
			}
		},
		{
			"from": [-16, -6.975, -16],
			"to": [32, -5.475, 32],
			"rotation": {"angle": 0, "axis": "y", "origin": [-4, -15.975, -4]},
			"faces": {
				"north": {"uv": [16, 12.5, 0, 13], "texture": "#hand"},
				"south": {"uv": [0, 12.5, 16, 13], "texture": "#hand"},
				"up": {"uv": [0, 12.5, 16, 13], "texture": "#hand"}
			}
		},
		{
			"from": [-16, -5.475, -16],
			"to": [32, -3.975, 32],
			"rotation": {"angle": 0, "axis": "y", "origin": [-4, -15.975, -4]},
			"faces": {
				"north": {"uv": [16, 12, 0, 12.5], "texture": "#hand"},
				"south": {"uv": [0, 12, 16, 12.5], "texture": "#hand"},
				"up": {"uv": [0, 12, 16, 12.5], "texture": "#hand"}
			}
		},
		{
			"from": [-16, -3.975, -16],
			"to": [32, -2.475, 32],
			"rotation": {"angle": 0, "axis": "y", "origin": [-4, -15.975, -4]},
			"faces": {
				"north": {"uv": [16, 11.5, 0, 12], "texture": "#hand"},
				"south": {"uv": [0, 11.5, 16, 12], "texture": "#hand"},
				"up": {"uv": [0, 11.5, 16, 12], "texture": "#hand"}
			}
		},
		{
			"from": [-16, -2.475, -16],
			"to": [32, -0.975, 32],
			"rotation": {"angle": 0, "axis": "y", "origin": [-4, -15.975, -4]},
			"faces": {
				"north": {"uv": [16, 11, 0, 11.5], "texture": "#hand"},
				"south": {"uv": [0, 11, 16, 11.5], "texture": "#hand"},
				"up": {"uv": [0, 11, 16, 11.5], "texture": "#hand"}
			}
		},
		{
			"from": [-16, -0.975, -16],
			"to": [32, 0.525, 32],
			"rotation": {"angle": 0, "axis": "y", "origin": [-4, -15.975, -4]},
			"faces": {
				"north": {"uv": [16, 10.5, 0, 11], "texture": "#hand"},
				"south": {"uv": [0, 10.5, 16, 11], "texture": "#hand"},
				"up": {"uv": [0, 10.5, 16, 11], "texture": "#hand"}
			}
		},
		{
			"from": [-16, 0.525, -16],
			"to": [32, 2.025, 32],
			"rotation": {"angle": 0, "axis": "y", "origin": [-4, -15.975, -4]},
			"faces": {
				"north": {"uv": [16, 10, 0, 10.5], "texture": "#hand"},
				"south": {"uv": [0, 10, 16, 10.5], "texture": "#hand"},
				"up": {"uv": [0, 10, 16, 10.5], "texture": "#hand"}
			}
		},
		{
			"from": [-16, 2.025, -16],
			"to": [32, 3.525, 32],
			"rotation": {"angle": 0, "axis": "y", "origin": [-4, -15.975, -4]},
			"faces": {
				"north": {"uv": [16, 9.5, 0, 10], "texture": "#hand"},
				"south": {"uv": [0, 9.5, 16, 10], "texture": "#hand"},
				"up": {"uv": [0, 9.5, 16, 10], "texture": "#hand"}
			}
		},
		{
			"from": [-16, 3.525, -16],
			"to": [32, 5.025, 32],
			"rotation": {"angle": 0, "axis": "y", "origin": [-4, -15.975, -4]},
			"faces": {
				"north": {"uv": [16, 9, 0, 9.5], "texture": "#hand"},
				"south": {"uv": [0, 9, 16, 9.5], "texture": "#hand"},
				"up": {"uv": [0, 9, 16, 9.5], "texture": "#hand"}
			}
		},
		{
			"from": [-16, 5.025, -16],
			"to": [32, 6.525, 32],
			"rotation": {"angle": 0, "axis": "y", "origin": [-4, -15.975, -4]},
			"faces": {
				"north": {"uv": [16, 8.5, 0, 9], "texture": "#hand"},
				"south": {"uv": [0, 8.5, 16, 9], "texture": "#hand"},
				"up": {"uv": [0, 8.5, 16, 9], "texture": "#hand"}
			}
		},
		{
			"from": [-16, 6.525, -16],
			"to": [32, 8.025, 32],
			"rotation": {"angle": 0, "axis": "y", "origin": [-4, -15.975, -4]},
			"faces": {
				"north": {"uv": [16, 8, 0, 8.5], "texture": "#hand"},
				"south": {"uv": [0, 8, 16, 8.5], "texture": "#hand"},
				"up": {"uv": [0, 8, 16, 8.5], "texture": "#hand"}
			}
		},
		{
			"from": [-16, 8.025, -16],
			"to": [32, 9.525, 32],
			"rotation": {"angle": 0, "axis": "y", "origin": [-4, -15.975, -4]},
			"faces": {
				"north": {"uv": [16, 7.5, 0, 8], "texture": "#hand"},
				"south": {"uv": [0, 7.5, 16, 8], "texture": "#hand"},
				"up": {"uv": [0, 7.5, 16, 8], "texture": "#hand"}
			}
		},
		{
			"from": [-16, 9.525, -16],
			"to": [32, 11.025, 32],
			"rotation": {"angle": 0, "axis": "y", "origin": [-4, -15.975, -4]},
			"faces": {
				"north": {"uv": [16, 7, 0, 7.5], "texture": "#hand"},
				"south": {"uv": [0, 7, 16, 7.5], "texture": "#hand"},
				"up": {"uv": [0, 7, 16, 7.5], "texture": "#hand"}
			}
		},
		{
			"from": [-16, 11.025, -16],
			"to": [32, 12.525, 32],
			"rotation": {"angle": 0, "axis": "y", "origin": [-4, -15.975, -4]},
			"faces": {
				"north": {"uv": [16, 6.5, 0, 7], "texture": "#hand"},
				"south": {"uv": [0, 6.5, 16, 7], "texture": "#hand"},
				"up": {"uv": [0, 6.5, 16, 7], "texture": "#hand"}
			}
		},
		{
			"from": [-16, 12.525, -16],
			"to": [32, 14.025, 32],
			"rotation": {"angle": 0, "axis": "y", "origin": [-4, -15.975, -4]},
			"faces": {
				"north": {"uv": [16, 6, 0, 6.5], "texture": "#hand"},
				"south": {"uv": [0, 6, 16, 6.5], "texture": "#hand"},
				"up": {"uv": [0, 6, 16, 6.5], "texture": "#hand"}
			}
		},
		{
			"from": [-16, 14.025, -16],
			"to": [32, 15.525, 32],
			"rotation": {"angle": 0, "axis": "y", "origin": [-4, -15.975, -4]},
			"faces": {
				"north": {"uv": [16, 5.5, 0, 6], "texture": "#hand"},
				"south": {"uv": [0, 5.5, 16, 6], "texture": "#hand"},
				"up": {"uv": [0, 5.5, 16, 6], "texture": "#hand"}
			}
		},
		{
			"from": [-16, 15.525, -16],
			"to": [32, 17.025, 32],
			"rotation": {"angle": 0, "axis": "y", "origin": [-4, -15.975, -4]},
			"faces": {
				"north": {"uv": [16, 5, 0, 5.5], "texture": "#hand"},
				"south": {"uv": [0, 5, 16, 5.5], "texture": "#hand"},
				"up": {"uv": [0, 5, 16, 5.5], "texture": "#hand"}
			}
		},
		{
			"from": [-16, 17.025, -16],
			"to": [32, 18.525, 32],
			"rotation": {"angle": 0, "axis": "y", "origin": [-4, -15.975, -4]},
			"faces": {
				"north": {"uv": [16, 4.5, 0, 5], "texture": "#hand"},
				"south": {"uv": [0, 4.5, 16, 5], "texture": "#hand"},
				"up": {"uv": [0, 4.5, 16, 5], "texture": "#hand"}
			}
		},
		{
			"from": [-16, 18.525, -16],
			"to": [32, 20.025, 32],
			"rotation": {"angle": 0, "axis": "y", "origin": [-4, -15.975, -4]},
			"faces": {
				"north": {"uv": [16, 4, 0, 4.5], "texture": "#hand"},
				"south": {"uv": [0, 4, 16, 4.5], "texture": "#hand"},
				"up": {"uv": [0, 4, 16, 4.5], "texture": "#hand"}
			}
		},
		{
			"from": [-16, 21.525, -16],
			"to": [32, 23.025, 32],
			"rotation": {"angle": 0, "axis": "y", "origin": [-4, -15.975, -4]},
			"faces": {
				"north": {"uv": [16, 3, 0, 3.5], "texture": "#hand"},
				"south": {"uv": [0, 3, 16, 3.5], "texture": "#hand"},
				"up": {"uv": [0, 3, 16, 3.5], "texture": "#hand"}
			}
		},
		{
			"from": [-16, 23.025, -16],
			"to": [32, 24.525, 32],
			"rotation": {"angle": 0, "axis": "y", "origin": [-4, -15.975, -4]},
			"faces": {
				"north": {"uv": [16, 2.5, 0, 3], "texture": "#hand"},
				"south": {"uv": [0, 2.5, 16, 3], "texture": "#hand"},
				"up": {"uv": [0, 2.5, 16, 3], "texture": "#hand"}
			}
		},
		{
			"from": [-16, 24.525, -16],
			"to": [32, 26.025, 32],
			"rotation": {"angle": 0, "axis": "y", "origin": [-4, -15.975, -4]},
			"faces": {
				"north": {"uv": [16, 2, 0, 2.5], "texture": "#hand"},
				"south": {"uv": [0, 2, 16, 2.5], "texture": "#hand"},
				"up": {"uv": [0, 2, 16, 2.5], "texture": "#hand"}
			}
		},
		{
			"from": [-16, 26.025, -16],
			"to": [32, 27.525, 32],
			"rotation": {"angle": 0, "axis": "y", "origin": [-4, -15.975, -4]},
			"faces": {
				"north": {"uv": [16, 1.5, 0, 2], "texture": "#hand"},
				"south": {"uv": [0, 1.5, 16, 2], "texture": "#hand"},
				"up": {"uv": [0, 1.5, 16, 2], "texture": "#hand"}
			}
		},
		{
			"from": [-16, 27.525, -16],
			"to": [32, 29.025, 32],
			"rotation": {"angle": 0, "axis": "y", "origin": [-4, -15.975, -4]},
			"faces": {
				"north": {"uv": [16, 1, 0, 1.5], "texture": "#hand"},
				"south": {"uv": [0, 1, 16, 1.5], "texture": "#hand"},
				"up": {"uv": [0, 1, 16, 1.5], "texture": "#hand"}
			}
		},
		{
			"from": [-16, 29.025, -16],
			"to": [32, 30.525, 32],
			"rotation": {"angle": 0, "axis": "y", "origin": [-4, -15.975, -4]},
			"faces": {
				"north": {"uv": [16, 0.5, 0, 1], "texture": "#hand"},
				"south": {"uv": [0, 0.5, 16, 1], "texture": "#hand"},
				"up": {"uv": [0, 0.5, 16, 1], "texture": "#hand"}
			}
		},
		{
			"from": [-16, 30.525, -16],
			"to": [32, 32, 32],
			"rotation": {"angle": 0, "axis": "y", "origin": [-4, -15.975, -4]},
			"faces": {
				"north": {"uv": [16, 0, 0, 0.5], "texture": "#hand"},
				"south": {"uv": [0, 0, 16, 0.5], "texture": "#hand"},
				"up": {"uv": [0, 0, 16, 0.5], "texture": "#hand"}
			}
		},
		{
			"from": [-16, -15.975, -16],
			"to": [-14.5, 32, 32],
			"rotation": {"angle": 0, "axis": "y", "origin": [-4, -15.975, -4]},
			"faces": {
				"east": {"uv": [0, 0, 0.5, 16], "texture": "#hand"},
				"west": {"uv": [0, 0, 0.5, 16], "texture": "#hand"}
			}
		},
		{
			"from": [-14.5, -15.975, -16],
			"to": [-13, 32, 32],
			"rotation": {"angle": 0, "axis": "y", "origin": [-4, -15.975, -4]},
			"faces": {
				"east": {"uv": [0.5, 0, 1, 16], "texture": "#hand"},
				"west": {"uv": [0.5, 0, 1, 16], "texture": "#hand"}
			}
		},
		{
			"from": [-13, -15.975, -16],
			"to": [-11.5, 32, 32],
			"rotation": {"angle": 0, "axis": "y", "origin": [-4, -15.975, -4]},
			"faces": {
				"east": {"uv": [1, 0, 1.5, 16], "texture": "#hand"},
				"west": {"uv": [1, 0, 1.5, 16], "texture": "#hand"}
			}
		},
		{
			"from": [-11.5, -15.975, -16],
			"to": [-10, 32, 32],
			"rotation": {"angle": 0, "axis": "y", "origin": [-4, -15.975, -4]},
			"faces": {
				"east": {"uv": [1.5, 0, 2, 16], "texture": "#hand"},
				"west": {"uv": [1.5, 0, 2, 16], "texture": "#hand"}
			}
		},
		{
			"from": [-10, -15.975, -16],
			"to": [-8.5, 32, 32],
			"rotation": {"angle": 0, "axis": "y", "origin": [-4, -15.975, -4]},
			"faces": {
				"east": {"uv": [2, 0, 2.5, 16], "texture": "#hand"},
				"west": {"uv": [2, 0, 2.5, 16], "texture": "#hand"}
			}
		},
		{
			"from": [-8.5, -15.975, -16],
			"to": [-7, 32, 32],
			"rotation": {"angle": 0, "axis": "y", "origin": [-4, -15.975, -4]},
			"faces": {
				"east": {"uv": [2.5, 0, 3, 16], "texture": "#hand"},
				"west": {"uv": [2.5, 0, 3, 16], "texture": "#hand"}
			}
		},
		{
			"from": [-7, -15.975, -16],
			"to": [-5.5, 32, 32],
			"rotation": {"angle": 0, "axis": "y", "origin": [-4, -15.975, -4]},
			"faces": {
				"east": {"uv": [3, 0, 3.5, 16], "texture": "#hand"},
				"west": {"uv": [3, 0, 3.5, 16], "texture": "#hand"}
			}
		},
		{
			"from": [-5.5, -15.975, -16],
			"to": [-4, 32, 32],
			"rotation": {"angle": 0, "axis": "y", "origin": [-4, -15.975, -4]},
			"faces": {
				"east": {"uv": [3.5, 0, 4, 16], "texture": "#hand"},
				"west": {"uv": [3.5, 0, 4, 16], "texture": "#hand"}
			}
		},
		{
			"from": [-4, -15.975, -16],
			"to": [-2.5, 32, 32],
			"rotation": {"angle": 0, "axis": "y", "origin": [-4, -15.975, -4]},
			"faces": {
				"east": {"uv": [4, 0, 4.5, 16], "texture": "#hand"},
				"west": {"uv": [4, 0, 4.5, 16], "texture": "#hand"}
			}
		},
		{
			"from": [-2.5, -15.975, -16],
			"to": [-1, 32, 32],
			"rotation": {"angle": 0, "axis": "y", "origin": [-4, -15.975, -4]},
			"faces": {
				"east": {"uv": [4.5, 0, 5, 16], "texture": "#hand"},
				"west": {"uv": [4.5, 0, 5, 16], "texture": "#hand"}
			}
		},
		{
			"from": [-1, -15.975, -16],
			"to": [0.5, 32, 32],
			"rotation": {"angle": 0, "axis": "y", "origin": [-4, -15.975, -4]},
			"faces": {
				"east": {"uv": [5, 0, 5.5, 16], "texture": "#hand"},
				"west": {"uv": [5, 0, 5.5, 16], "texture": "#hand"}
			}
		},
		{
			"from": [0.5, -15.975, -16],
			"to": [2, 32, 32],
			"rotation": {"angle": 0, "axis": "y", "origin": [-4, -15.975, -4]},
			"faces": {
				"east": {"uv": [5.5, 0, 6, 16], "texture": "#hand"},
				"west": {"uv": [5.5, 0, 6, 16], "texture": "#hand"}
			}
		},
		{
			"from": [2, -15.975, -16],
			"to": [3.5, 32, 32],
			"rotation": {"angle": 0, "axis": "y", "origin": [-4, -15.975, -4]},
			"faces": {
				"east": {"uv": [6, 0, 6.5, 16], "texture": "#hand"},
				"west": {"uv": [6, 0, 6.5, 16], "texture": "#hand"}
			}
		},
		{
			"from": [3.5, -15.975, -16],
			"to": [5, 32, 32],
			"rotation": {"angle": 0, "axis": "y", "origin": [-4, -15.975, -4]},
			"faces": {
				"east": {"uv": [6.5, 0, 7, 16], "texture": "#hand"},
				"west": {"uv": [6.5, 0, 7, 16], "texture": "#hand"}
			}
		},
		{
			"from": [5, -15.975, -16],
			"to": [6.5, 32, 32],
			"rotation": {"angle": 0, "axis": "y", "origin": [-4, -15.975, -4]},
			"faces": {
				"east": {"uv": [7, 0, 7.5, 16], "texture": "#hand"},
				"west": {"uv": [7, 0, 7.5, 16], "texture": "#hand"}
			}
		},
		{
			"from": [6.5, -15.975, -16],
			"to": [8, 32, 32],
			"rotation": {"angle": 0, "axis": "y", "origin": [-4, -15.975, -4]},
			"faces": {
				"east": {"uv": [7.5, 0, 8, 16], "texture": "#hand"},
				"west": {"uv": [7.5, 0, 8, 16], "texture": "#hand"}
			}
		},
		{
			"from": [8, -15.975, -16],
			"to": [9.5, 32, 32],
			"rotation": {"angle": 0, "axis": "y", "origin": [-4, -15.975, -4]},
			"faces": {
				"east": {"uv": [8, 0, 8.5, 16], "texture": "#hand"},
				"west": {"uv": [8, 0, 8.5, 16], "texture": "#hand"}
			}
		},
		{
			"from": [9.5, -15.975, -16],
			"to": [11, 32, 32],
			"rotation": {"angle": 0, "axis": "y", "origin": [-4, -15.975, -4]},
			"faces": {
				"east": {"uv": [8.5, 0, 9, 16], "texture": "#hand"},
				"west": {"uv": [8.5, 0, 9, 16], "texture": "#hand"}
			}
		},
		{
			"from": [11, -15.975, -16],
			"to": [12.5, 32, 32],
			"rotation": {"angle": 0, "axis": "y", "origin": [-4, -15.975, -4]},
			"faces": {
				"east": {"uv": [9, 0, 9.5, 16], "texture": "#hand"},
				"west": {"uv": [9, 0, 9.5, 16], "texture": "#hand"}
			}
		},
		{
			"from": [12.5, -15.975, -16],
			"to": [14, 32, 32],
			"rotation": {"angle": 0, "axis": "y", "origin": [-4, -15.975, -4]},
			"faces": {
				"east": {"uv": [9.5, 0, 10, 16], "texture": "#hand"},
				"west": {"uv": [9.5, 0, 10, 16], "texture": "#hand"}
			}
		},
		{
			"from": [14, -15.975, -16],
			"to": [15.5, 32, 32],
			"rotation": {"angle": 0, "axis": "y", "origin": [-4, -15.975, -4]},
			"faces": {
				"east": {"uv": [10, 0, 10.5, 16], "texture": "#hand"},
				"west": {"uv": [10, 0, 10.5, 16], "texture": "#hand"}
			}
		},
		{
			"from": [15.5, -15.975, -16],
			"to": [17, 32, 32],
			"rotation": {"angle": 0, "axis": "y", "origin": [-4, -15.975, -4]},
			"faces": {
				"east": {"uv": [10.5, 0, 11, 16], "texture": "#hand"},
				"west": {"uv": [10.5, 0, 11, 16], "texture": "#hand"}
			}
		},
		{
			"from": [17, -15.975, -16],
			"to": [18.5, 32, 32],
			"rotation": {"angle": 0, "axis": "y", "origin": [-4, -15.975, -4]},
			"faces": {
				"east": {"uv": [11, 0, 11.5, 16], "texture": "#hand"},
				"west": {"uv": [11, 0, 11.5, 16], "texture": "#hand"}
			}
		},
		{
			"from": [18.5, -15.975, -16],
			"to": [20, 32, 32],
			"rotation": {"angle": 0, "axis": "y", "origin": [-4, -15.975, -4]},
			"faces": {
				"east": {"uv": [11.5, 0, 12, 16], "texture": "#hand"},
				"west": {"uv": [11.5, 0, 12, 16], "texture": "#hand"}
			}
		},
		{
			"from": [20, -15.975, -16],
			"to": [21.5, 32, 32],
			"rotation": {"angle": 0, "axis": "y", "origin": [-4, -15.975, -4]},
			"faces": {
				"east": {"uv": [12, 0, 12.5, 16], "texture": "#hand"},
				"west": {"uv": [12, 0, 12.5, 16], "texture": "#hand"}
			}
		},
		{
			"from": [21.5, -15.975, -16],
			"to": [23, 32, 32],
			"rotation": {"angle": 0, "axis": "y", "origin": [-4, -15.975, -4]},
			"faces": {
				"east": {"uv": [12.5, 0, 13, 16], "texture": "#hand"},
				"west": {"uv": [12.5, 0, 13, 16], "texture": "#hand"}
			}
		},
		{
			"from": [23, -15.975, -16],
			"to": [24.5, 32, 32],
			"rotation": {"angle": 0, "axis": "y", "origin": [-4, -15.975, -4]},
			"faces": {
				"east": {"uv": [13, 0, 13.5, 16], "texture": "#hand"},
				"west": {"uv": [13, 0, 13.5, 16], "texture": "#hand"}
			}
		},
		{
			"from": [24.5, -15.975, -16],
			"to": [26, 32, 32],
			"rotation": {"angle": 0, "axis": "y", "origin": [-4, -15.975, -4]},
			"faces": {
				"east": {"uv": [13.5, 0, 14, 16], "texture": "#hand"},
				"west": {"uv": [13.5, 0, 14, 16], "texture": "#hand"}
			}
		},
		{
			"from": [26, -15.975, -16],
			"to": [27.5, 32, 32],
			"rotation": {"angle": 0, "axis": "y", "origin": [-4, -15.975, -4]},
			"faces": {
				"east": {"uv": [14, 0, 14.5, 16], "texture": "#hand"},
				"west": {"uv": [14, 0, 14.5, 16], "texture": "#hand"}
			}
		},
		{
			"from": [27.5, -15.975, -16],
			"to": [29, 32, 32],
			"rotation": {"angle": 0, "axis": "y", "origin": [-4, -15.975, -4]},
			"faces": {
				"east": {"uv": [14.5, 0, 15, 16], "texture": "#hand"},
				"west": {"uv": [14.5, 0, 15, 16], "texture": "#hand"}
			}
		},
		{
			"from": [29, -15.975, -16],
			"to": [30.5, 32, 32],
			"rotation": {"angle": 0, "axis": "y", "origin": [-4, -15.975, -4]},
			"faces": {
				"east": {"uv": [15, 0, 15.5, 16], "texture": "#hand"},
				"west": {"uv": [15, 0, 15.5, 16], "texture": "#hand"}
			}
		},
		{
			"from": [30.5, -15.975, -16],
			"to": [32, 32, 32],
			"rotation": {"angle": 0, "axis": "y", "origin": [-4, -15.975, -4]},
			"faces": {
				"east": {"uv": [15.5, 0, 16, 16], "texture": "#hand"},
				"west": {"uv": [15.5, 0, 16, 16], "texture": "#hand"}
			}
		},
		{
			"from": [0, 8.025, 0],
			"to": [16, 8.025, 16],
			"rotation": {"angle": 0, "axis": "y", "origin": [-4, -15.975, -4]},
			"faces": {
				"down": {"uv": [0, 0, 16, 16], "rotation": 90, "texture": "#icon"}
			}
		}
	],
	"gui_light": "front",
	"display": {
		"thirdperson_righthand": {
			"rotation": [80, -85, 60],
			"translation": [0.25, 2, 7.5],
			"scale": [0.66, 0.66, 0.02]
		},
		"thirdperson_lefthand": {
			"rotation": [80, 85, -60],
			"translation": [0.25, 2, 7.5],
			"scale": [0.66, 0.66, 0.02]
		},
		"firstperson_righthand": {
			"rotation": [45, 90, 0],
			"translation": [-0.5, 5.5, 2],
			"scale": [0.33, 0.33, 0.0066]
		},
		"firstperson_lefthand": {
			"rotation": [45, -90, 0],
			"translation": [-0.5, 5.5, 2],
			"scale": [0.33, 0.33, 0.0066]
		},
		"ground": {
			"translation": [0, 7, 0],
			"scale": [0.33, 0.33, 0.01]
		},
		"gui": {
			"rotation": [90, -90, -180]
		},
		"head": {
			"rotation": [0, 180, 45],
			"translation": [0.5, 8, 7],
			"scale": [0.66, 0.66, 0.02]
		},
		"fixed": {
			"rotation": [0, 0, 90],
			"scale": [0.33, 0.33, 0.01]
		}
	}
}